species,TF name,TF Sequence,binding site sequence
Bacillus subtilis,BSU14480-MONOMER,MKSIGVVRKVDELGRIVMPIELRRALDIAIKDSIEFFVDGDKIILKKYKPHGVCLMTGEITSENKEYGNGKITLSPEGAQLLLEEIQAALKE,TTTAGTGTATTACAACCAATTCTGTTTATTGATAGG
Bacillus subtilis,BSU00370-MONOMER,MFMKSTGIVRKVDELGRVVIPIELRRTLGIAEKDALEIYVDDEKIILKKYKPNMTCQVTGEVSDDNLKLAGGKLVLSKEGAEQIISEIQNQLQNLK,CACATAACAATCCCAAAAATTTCTAAAAAATTGAAAAAATGAGCAATACTGAGCAA
Bacillus subtilis,BSU00370-MONOMER,MFMKSTGIVRKVDELGRVVIPIELRRTLGIAEKDALEIYVDDEKIILKKYKPNMTCQVTGEVSDDNLKLAGGKLVLSKEGAEQIISEIQNQLQNLK,CTTTCTTTGTTTATTATTACCAAATAATAATGGGATATGCA
Bacillus subtilis,BSU00370-MONOMER,MFMKSTGIVRKVDELGRVVIPIELRRTLGIAEKDALEIYVDDEKIILKKYKPNMTCQVTGEVSDDNLKLAGGKLVLSKEGAEQIISEIQNQLQNLK,AGGAAATGTTACATTTTTCCGAAATCTATCATTTCCTTTTCACATTTTTTTCAAAATATATG
Bacillus subtilis,BSU00370-MONOMER,MFMKSTGIVRKVDELGRVVIPIELRRTLGIAEKDALEIYVDDEKIILKKYKPNMTCQVTGEVSDDNLKLAGGKLVLSKEGAEQIISEIQNQLQNLK,TATTAATTCAAAATAAATCCATAATAGTCAATTTTATTTAGTGTATTACAACCAATTCTGTTTATTGATAGGTAA
Bacillus subtilis,BSU31920-MONOMER,MSKRNQARKVGRFMTMPNDPFKYSFDRLEDVADHISDVLRCPITIEDVNHKLLAYSTHSDCTDPARTSTIIGRRVPEKVINKLWKDGTIPALLKTDQPIRVKQIDEVGLSNRVAISIWKNKQVLGFIWALEIQKTLSDEDLLTLQMAAKAVKNKLLKLQIRKTKNEERSQEFFWKMLTGHIHQEDDMADGFHKLGMAAPSEFSVMIIRINGELTEKIEQQLQYLQETTQQVYVLLATVDSNELIILTSPKTDHPFQDLKQFALSTQKQLKERYKIEDVSIAFGGIYNSISFVSRSYQEALSVLKTKERFAEETKHLFSFSELGIYQYLDVLNEKRKQAGHYNYSLSKLEQYDRDHQSNMVETLERFIEADSNVNTASKLLNIHVNTLNYRLKRISQIAEIDLKNVNQKFTIYLDIKLRHMDL,ACATGGATTTGTGAAATTTCACAAATCCATGTT
Bacillus subtilis,BSU27000-MONOMER,MNIAQVAKQFGLTAATLRYYERVGLIPPVKRKDSGIRDYDEEDIKWIEFIKCMRNAGLSIEALIEYTTLFTEGDRTVEARKNILADERQRLIEKRKEIDETIKRLDTKIKDYDGKLRENEAKLKSRPKTESLHGSVEQRR,CTTAAAGCAGACTTTAAGG
Bacillus subtilis,BSU27000-MONOMER,MNIAQVAKQFGLTAATLRYYERVGLIPPVKRKDSGIRDYDEEDIKWIEFIKCMRNAGLSIEALIEYTTLFTEGDRTVEARKNILADERQRLIEKRKEIDETIKRLDTKIKDYDGKLRENEAKLKSRPKTESLHGSVEQRR,ACTTAAAGTTAACTTTAAG
Bacillus subtilis,BSU27000-MONOMER,MNIAQVAKQFGLTAATLRYYERVGLIPPVKRKDSGIRDYDEEDIKWIEFIKCMRNAGLSIEALIEYTTLFTEGDRTVEARKNILADERQRLIEKRKEIDETIKRLDTKIKDYDGKLRENEAKLKSRPKTESLHGSVEQRR,CTTAAAGCACACTTTAAAC
Bacillus subtilis,CPLX8J2-238,MKESYYSIGEVSKLANVSIKALRYYDKIDLFKPAYVDPDTSYRYYTDSQLIHLDLIKSLKYIGTPLEEMKKAQDLEMEELFAFYTEQERQIREKLDFLSALEQTISLVKKRMKRQMEYPALGEVFVLDEEEIRIIQTEAEGIGPENVLNASYSKLKKFIESADGFTNNSYGATFSFQPYTSIDEMTYRHIFTPVLTNKQISSITPDMEITTIPKGRYACIAYNFSPEHYFLNLQKLIKYIADRQLTVVSDVYELIIPIHYSPKKQEEYRVEMKIRIAE,GACTCTCCCCTAGGAGGAGGTCT
Bacillus subtilis,CPLX8J2-316,MSNITIYDVAREANVSMATVSRVVNGNPNVKPTTRKKVLEAIERLGYRPNAVARGLASKKTTTVGVIIPDISSIFYSELARGIEDIATMYKYNIILSNSDQNMEKELHLLNTMLGKQVDGIVFMGGNITDEHVAEFKRSPVPIVLAASVEEQEETPSVAIDYEQAIYDAVKLLVDKGHTDIAFVSGPMAEPINRSKKLQGYKRALEEANLPFNEQFVAEGDYTYDSGLEALQHLMSLDKKPTAILSATDEMALGIIHAAQDQGLSIPEDLDIIGFDNTRLSLMVRPQLSTVVQPTYDIGAVAMRLLTKLMNKEPVEEHIVELPHRIELRKSTKS,TATATAATGAAAACGGATACAAATAAAAG
Bacillus subtilis,CPLX8J2-316,MSNITIYDVAREANVSMATVSRVVNGNPNVKPTTRKKVLEAIERLGYRPNAVARGLASKKTTTVGVIIPDISSIFYSELARGIEDIATMYKYNIILSNSDQNMEKELHLLNTMLGKQVDGIVFMGGNITDEHVAEFKRSPVPIVLAASVEEQEETPSVAIDYEQAIYDAVKLLVDKGHTDIAFVSGPMAEPINRSKKLQGYKRALEEANLPFNEQFVAEGDYTYDSGLEALQHLMSLDKKPTAILSATDEMALGIIHAAQDQGLSIPEDLDIIGFDNTRLSLMVRPQLSTVVQPTYDIGAVAMRLLTKLMNKEPVEEHIVELPHRIELRKSTKS,TGAAAGCGCCTA
Bacillus subtilis,CPLX8J2-174,MALLQKTRIINSMLQAAAGKPVNFKEMAETLRDVIDSNIFVVSRRGKLLGYSINQQIENDRMKKMLEDRQFPEEYTKNLFNVPETSSNLDINSEYTAFPVENRDLFQAGLTTIVPIIGGGERLGTLILSRLQDQFNDDDLILAEYGATVVGMEILREKAEEIEEEARSKAVVQMAISSLSYSELEAIEHIFEELDGNEGLLVASKIADRVGITRSVIVNALRKLESAGVIESRSLGMKGTYIKVLNNKFLIELENLKSH,AAAGTTTTATGAAAATTAAAACAATTATAAAAGG
Bacillus subtilis,CPLX8J2-174,MALLQKTRIINSMLQAAAGKPVNFKEMAETLRDVIDSNIFVVSRRGKLLGYSINQQIENDRMKKMLEDRQFPEEYTKNLFNVPETSSNLDINSEYTAFPVENRDLFQAGLTTIVPIIGGGERLGTLILSRLQDQFNDDDLILAEYGATVVGMEILREKAEEIEEEARSKAVVQMAISSLSYSELEAIEHIFEELDGNEGLLVASKIADRVGITRSVIVNALRKLESAGVIESRSLGMKGTYIKVLNNKFLIELENLKSH,TTTGTTATTATCAGAAAATTTTATCGATTCTAAGAAATTGTT
Bacillus subtilis,CPLX8J2-174,MALLQKTRIINSMLQAAAGKPVNFKEMAETLRDVIDSNIFVVSRRGKLLGYSINQQIENDRMKKMLEDRQFPEEYTKNLFNVPETSSNLDINSEYTAFPVENRDLFQAGLTTIVPIIGGGERLGTLILSRLQDQFNDDDLILAEYGATVVGMEILREKAEEIEEEARSKAVVQMAISSLSYSELEAIEHIFEELDGNEGLLVASKIADRVGITRSVIVNALRKLESAGVIESRSLGMKGTYIKVLNNKFLIELENLKSH,TTATATTATAATCAAAAAAATTTTGACAGCTGTTCCT
Bacillus subtilis,CPLX8J2-174,MALLQKTRIINSMLQAAAGKPVNFKEMAETLRDVIDSNIFVVSRRGKLLGYSINQQIENDRMKKMLEDRQFPEEYTKNLFNVPETSSNLDINSEYTAFPVENRDLFQAGLTTIVPIIGGGERLGTLILSRLQDQFNDDDLILAEYGATVVGMEILREKAEEIEEEARSKAVVQMAISSLSYSELEAIEHIFEELDGNEGLLVASKIADRVGITRSVIVNALRKLESAGVIESRSLGMKGTYIKVLNNKFLIELENLKSH,TTGTCGATTTTTCTAACAATTTTGTTTTCAT
Bacillus subtilis,CPLX8J2-174,MALLQKTRIINSMLQAAAGKPVNFKEMAETLRDVIDSNIFVVSRRGKLLGYSINQQIENDRMKKMLEDRQFPEEYTKNLFNVPETSSNLDINSEYTAFPVENRDLFQAGLTTIVPIIGGGERLGTLILSRLQDQFNDDDLILAEYGATVVGMEILREKAEEIEEEARSKAVVQMAISSLSYSELEAIEHIFEELDGNEGLLVASKIADRVGITRSVIVNALRKLESAGVIESRSLGMKGTYIKVLNNKFLIELENLKSH,AAATAATCAGAATCTTTGTATTTTGAGAATATTGTGA
Bacillus subtilis,CPLX8J2-174,MALLQKTRIINSMLQAAAGKPVNFKEMAETLRDVIDSNIFVVSRRGKLLGYSINQQIENDRMKKMLEDRQFPEEYTKNLFNVPETSSNLDINSEYTAFPVENRDLFQAGLTTIVPIIGGGERLGTLILSRLQDQFNDDDLILAEYGATVVGMEILREKAEEIEEEARSKAVVQMAISSLSYSELEAIEHIFEELDGNEGLLVASKIADRVGITRSVIVNALRKLESAGVIESRSLGMKGTYIKVLNNKFLIELENLKSH,TAAATTATTGAGAAATTTCAGAAA
Bacillus subtilis,CPLX8J2-174,MALLQKTRIINSMLQAAAGKPVNFKEMAETLRDVIDSNIFVVSRRGKLLGYSINQQIENDRMKKMLEDRQFPEEYTKNLFNVPETSSNLDINSEYTAFPVENRDLFQAGLTTIVPIIGGGERLGTLILSRLQDQFNDDDLILAEYGATVVGMEILREKAEEIEEEARSKAVVQMAISSLSYSELEAIEHIFEELDGNEGLLVASKIADRVGITRSVIVNALRKLESAGVIESRSLGMKGTYIKVLNNKFLIELENLKSH,GCAAATAATTCTAAAAATAGATAATTTTTAAAAAATTATGCGAAATTC
Bacillus subtilis,CPLX8J2-174,MALLQKTRIINSMLQAAAGKPVNFKEMAETLRDVIDSNIFVVSRRGKLLGYSINQQIENDRMKKMLEDRQFPEEYTKNLFNVPETSSNLDINSEYTAFPVENRDLFQAGLTTIVPIIGGGERLGTLILSRLQDQFNDDDLILAEYGATVVGMEILREKAEEIEEEARSKAVVQMAISSLSYSELEAIEHIFEELDGNEGLLVASKIADRVGITRSVIVNALRKLESAGVIESRSLGMKGTYIKVLNNKFLIELENLKSH,ACTCATGAATTCAGAAAATTCAAATAAAA
Bacillus subtilis,CPLX8J2-174,MALLQKTRIINSMLQAAAGKPVNFKEMAETLRDVIDSNIFVVSRRGKLLGYSINQQIENDRMKKMLEDRQFPEEYTKNLFNVPETSSNLDINSEYTAFPVENRDLFQAGLTTIVPIIGGGERLGTLILSRLQDQFNDDDLILAEYGATVVGMEILREKAEEIEEEARSKAVVQMAISSLSYSELEAIEHIFEELDGNEGLLVASKIADRVGITRSVIVNALRKLESAGVIESRSLGMKGTYIKVLNNKFLIELENLKSH,GATGATCCTAAAGAATATTCTGAAATT
Bacillus subtilis,BSU33520-MONOMER,MEKHNEHKTLNHKSSKEKDQITNRLKRIEGQVRGIQNMVENDRYCVDILVQISAVQAAMKNVALHLLEDHAHHCVADAIKSGDGEQAISELLDVFKKFTKS,AATACCCTACGGGGGTATGGTAGGAT
Bacillus subtilis,MONOMER8J2-31,MTKVNIVIIDDHQLFREGVKRILDFEPTFEVVAEGDDGDEAARIVEHYHPDVVIMDINMPNVNGVEATKQLVELYPESKVIILSIHDDENYVTHALKTGARGYLLKEMDADTLIEAVKVVAEGGSYLHPKVTHNLVNEFRRLATSGVSAHPQHEVYPEIRRPLHILTRRECEVLQMLADGKSNRGIGESLFISEKTVKNHVSNILQKMNVNDRTQAVVVAIKNGWVEMR,ATCAAATGGATCATTTGA
Bacillus subtilis,MONOMER8J2-31,MTKVNIVIIDDHQLFREGVKRILDFEPTFEVVAEGDDGDEAARIVEHYHPDVVIMDINMPNVNGVEATKQLVELYPESKVIILSIHDDENYVTHALKTGARGYLLKEMDADTLIEAVKVVAEGGSYLHPKVTHNLVNEFRRLATSGVSAHPQHEVYPEIRRPLHILTRRECEVLQMLADGKSNRGIGESLFISEKTVKNHVSNILQKMNVNDRTQAVVVAIKNGWVEMR,CTTTGACTATGATTTGTAAAATAGAGCCAAAAGGCATATTGACCGAATGCTAGAGTATATAGAACAATAATACAAGGAGG
Bacillus subtilis,MONOMER8J2-31,MTKVNIVIIDDHQLFREGVKRILDFEPTFEVVAEGDDGDEAARIVEHYHPDVVIMDINMPNVNGVEATKQLVELYPESKVIILSIHDDENYVTHALKTGARGYLLKEMDADTLIEAVKVVAEGGSYLHPKVTHNLVNEFRRLATSGVSAHPQHEVYPEIRRPLHILTRRECEVLQMLADGKSNRGIGESLFISEKTVKNHVSNILQKMNVNDRTQAVVVAIKNGWVEMR,ATACTATGCCTATAATA
Bacillus subtilis,CPLX8J2-197,MDREKQQLSIEAARLYYQSDYSQQQIAEQLNISRPTVSRLLQYAKEKGYVQIRVMDPFEDLDALGSILEEKYGLLEAHVVFSPTPDYAGITHDLSRYGAEYMHETVKDGDIVGVSWGTTMYQIAQNMQPKQVKGVEVVQLKGGISHSRVNTYSAETIQLFAEAFQTMPRYLPLPVVFDNADVKRMVEKDRHIERIIEMGKQANIALFTVGTVRDEALLFRLGYFNEEEKALLKKQAVGDICSRFFDAKGNICSSAINDRTIGVELQDLRLKERSILVAGGSRKVSSIHGALTGKYANVLIIDQHTARALVNDL,ATTGAACAAAATTTCAATTACCAATTTACATATGTTCAA
Bacillus subtilis,BSU00010-MONOMER,MENILDLWNQALAQIEKKLSKPSFETWMKSTKAHSLQGDTLTITAPNEFARDWLESRYLHLIADTIYELTGEELSIKFVIPQNQDVEDFMPKPQVKKAVKEDTSDFPQNMLNPKYTFDTFVIGSGNRFAHAASLAVAEAPAKAYNPLFIYGGVGLGKTHLMHAIGHYVIDHNPSAKVVYLSSEKFTNEFINSIRDNKAVDFRNRYRNVDVLLIDDIQFLAGKEQTQEEFFHTFNTLHEESKQIVISSDRPPKEIPTLEDRLRSRFEWGLITDITPPDLETRIAILRKKAKAEGLDIPNEVMLYIANQIDSNIRELEGALIRVVAYSSLINKDINADLAAEALKDIIPSSKPKVITIKEIQRVVGQQFNIKLEDFKAKKRTKSVAFPRQIAMYLSREMTDSSLPKIGEEFGGRDHTTVIHAHEKISKLLADDEQLQQHVKEIKEQLK,GTATCCACAG
Bacillus subtilis,BSU00010-MONOMER,MENILDLWNQALAQIEKKLSKPSFETWMKSTKAHSLQGDTLTITAPNEFARDWLESRYLHLIADTIYELTGEELSIKFVIPQNQDVEDFMPKPQVKKAVKEDTSDFPQNMLNPKYTFDTFVIGSGNRFAHAASLAVAEAPAKAYNPLFIYGGVGLGKTHLMHAIGHYVIDHNPSAKVVYLSSEKFTNEFINSIRDNKAVDFRNRYRNVDVLLIDDIQFLAGKEQTQEEFFHTFNTLHEESKQIVISSDRPPKEIPTLEDRLRSRFEWGLITDITPPDLETRIAILRKKAKAEGLDIPNEVMLYIANQIDSNIRELEGALIRVVAYSSLINKDINADLAAEALKDIIPSSKPKVITIKEIQRVVGQQFNIKLEDFKAKKRTKSVAFPRQIAMYLSREMTDSSLPKIGEEFGGRDHTTVIHAHEKISKLLADDEQLQQHVKEIKEQLK,TTATCGACAA
Bacillus subtilis,BSU00010-MONOMER,MENILDLWNQALAQIEKKLSKPSFETWMKSTKAHSLQGDTLTITAPNEFARDWLESRYLHLIADTIYELTGEELSIKFVIPQNQDVEDFMPKPQVKKAVKEDTSDFPQNMLNPKYTFDTFVIGSGNRFAHAASLAVAEAPAKAYNPLFIYGGVGLGKTHLMHAIGHYVIDHNPSAKVVYLSSEKFTNEFINSIRDNKAVDFRNRYRNVDVLLIDDIQFLAGKEQTQEEFFHTFNTLHEESKQIVISSDRPPKEIPTLEDRLRSRFEWGLITDITPPDLETRIAILRKKAKAEGLDIPNEVMLYIANQIDSNIRELEGALIRVVAYSSLINKDINADLAAEALKDIIPSSKPKVITIKEIQRVVGQQFNIKLEDFKAKKRTKSVAFPRQIAMYLSREMTDSSLPKIGEEFGGRDHTTVIHAHEKISKLLADDEQLQQHVKEIKEQLK,TGTGGACAAG
Bacillus subtilis,BSU00010-MONOMER,MENILDLWNQALAQIEKKLSKPSFETWMKSTKAHSLQGDTLTITAPNEFARDWLESRYLHLIADTIYELTGEELSIKFVIPQNQDVEDFMPKPQVKKAVKEDTSDFPQNMLNPKYTFDTFVIGSGNRFAHAASLAVAEAPAKAYNPLFIYGGVGLGKTHLMHAIGHYVIDHNPSAKVVYLSSEKFTNEFINSIRDNKAVDFRNRYRNVDVLLIDDIQFLAGKEQTQEEFFHTFNTLHEESKQIVISSDRPPKEIPTLEDRLRSRFEWGLITDITPPDLETRIAILRKKAKAEGLDIPNEVMLYIANQIDSNIRELEGALIRVVAYSSLINKDINADLAAEALKDIIPSSKPKVITIKEIQRVVGQQFNIKLEDFKAKKRTKSVAFPRQIAMYLSREMTDSSLPKIGEEFGGRDHTTVIHAHEKISKLLADDEQLQQHVKEIKEQLK,TGTGGATAAG
Bacillus subtilis,BSU00010-MONOMER,MENILDLWNQALAQIEKKLSKPSFETWMKSTKAHSLQGDTLTITAPNEFARDWLESRYLHLIADTIYELTGEELSIKFVIPQNQDVEDFMPKPQVKKAVKEDTSDFPQNMLNPKYTFDTFVIGSGNRFAHAASLAVAEAPAKAYNPLFIYGGVGLGKTHLMHAIGHYVIDHNPSAKVVYLSSEKFTNEFINSIRDNKAVDFRNRYRNVDVLLIDDIQFLAGKEQTQEEFFHTFNTLHEESKQIVISSDRPPKEIPTLEDRLRSRFEWGLITDITPPDLETRIAILRKKAKAEGLDIPNEVMLYIANQIDSNIRELEGALIRVVAYSSLINKDINADLAAEALKDIIPSSKPKVITIKEIQRVVGQQFNIKLEDFKAKKRTKSVAFPRQIAMYLSREMTDSSLPKIGEEFGGRDHTTVIHAHEKISKLLADDEQLQQHVKEIKEQLK,TTATCCACAA
Bacillus subtilis,BSU00010-MONOMER,MENILDLWNQALAQIEKKLSKPSFETWMKSTKAHSLQGDTLTITAPNEFARDWLESRYLHLIADTIYELTGEELSIKFVIPQNQDVEDFMPKPQVKKAVKEDTSDFPQNMLNPKYTFDTFVIGSGNRFAHAASLAVAEAPAKAYNPLFIYGGVGLGKTHLMHAIGHYVIDHNPSAKVVYLSSEKFTNEFINSIRDNKAVDFRNRYRNVDVLLIDDIQFLAGKEQTQEEFFHTFNTLHEESKQIVISSDRPPKEIPTLEDRLRSRFEWGLITDITPPDLETRIAILRKKAKAEGLDIPNEVMLYIANQIDSNIRELEGALIRVVAYSSLINKDINADLAAEALKDIIPSSKPKVITIKEIQRVVGQQFNIKLEDFKAKKRTKSVAFPRQIAMYLSREMTDSSLPKIGEEFGGRDHTTVIHAHEKISKLLADDEQLQQHVKEIKEQLK,TTGTCCACAA
Bacillus subtilis,BSU00010-MONOMER,MENILDLWNQALAQIEKKLSKPSFETWMKSTKAHSLQGDTLTITAPNEFARDWLESRYLHLIADTIYELTGEELSIKFVIPQNQDVEDFMPKPQVKKAVKEDTSDFPQNMLNPKYTFDTFVIGSGNRFAHAASLAVAEAPAKAYNPLFIYGGVGLGKTHLMHAIGHYVIDHNPSAKVVYLSSEKFTNEFINSIRDNKAVDFRNRYRNVDVLLIDDIQFLAGKEQTQEEFFHTFNTLHEESKQIVISSDRPPKEIPTLEDRLRSRFEWGLITDITPPDLETRIAILRKKAKAEGLDIPNEVMLYIANQIDSNIRELEGALIRVVAYSSLINKDINADLAAEALKDIIPSSKPKVITIKEIQRVVGQQFNIKLEDFKAKKRTKSVAFPRQIAMYLSREMTDSSLPKIGEEFGGRDHTTVIHAHEKISKLLADDEQLQQHVKEIKEQLK,TTAGACAAAT
Bacillus subtilis,BSU27170-MONOMER,MISASSSKYDMIMKASVSLFTERGFDATTIPMIAERAHVGTGTIYRYFDSKETLVNVLFQESIQRFTEKLKQDVSELPVREGFHHVFCCLVQFTKESDYALFFLETKKDAHYLNHTSKKMIENLTQMLDDYFNKGKAEGVIRSLPSNVLIAIVLGAFLKIYQLVQTGDIEMDTDLITELEQCCWDAIKLHSSQK,AGGAATGAATATTCATTCC
Bacillus subtilis,BSU32560-MONOMER,MLNNGSSTPLYIQLKQIITDDIKKGVYSPTAKLPTENELCTKYNVSRITVRKAILDLVEEGYLIRQQGKGTFVKSPKLKRELIAVNGYSEFMESTGKKPKHHVLSHDIIPASKPIAEKLQIQPESPVVELKRILYNDDQPLTFEVTHYPLDLFPGIDTFIADGVSMHDILKQQYKVVPTHNTKLLNVVYAQQEESKYLDCDIGDALFEIDKTAFTSNDQPIYCSLFLMHTNRVTFTINSPYT,TGTTATATAAC
Bacillus subtilis,CPLX8J2-294,MENRIDRIKKQLHSSSYKLTPQREATVRVLLENEEDHLSAEDVYLLVKEKSPEIGLATVYRTLELLTELKVVDKINFGDGVSRYDLRKEGAAHFHHHLVCMECGAVDEIEEDLLEDVEEIIERDWKFKIKDHRLTFHGICHRCNGKETE,TGACATTGAGAATGAATTTC
Bacillus subtilis,CPLX8J2-145,MDITITLDRSEQADYIYQQIYQKLKKEILSRNLLPHSKVPSKRELAENLKVSVNSVNSAYQQLLAEGYLYAIERKGFFVEELDMFSAEEHPPFALPDDLKEIHIDQSDWISFSHMSSDTDHFPIKSWFRCEQKAASRSYRTLGDMSHPQGIYEVRAAITRLISLTRGVKCRPEQMIIGAGTQVLMQLLTELLPKEAVYAMEEPGYRRMYQLLKNAGKQVKTIMLDEKGMSIAEITRQQPDVLVTTPSHQFPSGTIMPVSRRIQLLNWAAEEPRRYIIEDDYDSEFTYDVDSIPALQSLDRFQNVIYMGTFSKSLLPGLRISYMVLPPELLRAYKQRGYDLQTCSSLTQLTLQEFIESGEYQKHIKKMKQHYKEKRERLITALEAEFSGEVTVKGANAGLHFVTEFDTRRTEQDILSHAAGLQLEIFGMSRFNLKENKRQTGRPALIIGFARLKEEDIQEGVQRLFKAVYGHKKIPVTGD,CTTCTGATACCATCAAAAAGTTATAATTGGTACTTTTCATCATACCAAAGAG
Bacillus subtilis,BSU34170-MONOMER,MATIKDIAQEAGFSISTVSRVLNNDESLSVPDETREKIYEAAEKLNYRKKTVRPLVKHIAFLYWLTDKEELEDVYFKTMRLEVEKLAKAFNVDMTTYKIADGIESIPEHTEGFIAVGTFSDEELAFLRNLTENGVFIDSTPDPDHFDSVRPDLAQMTRKTVNILTEKGHKSIGFIGGTYKNPNTNQDEMDIREQTFRSYMREKAMLDERYIFCHRGFSVENGYRLMSAAIDTLGDQLPTAFMIAADPIAVGCLQALNEKGIAIPNRVSIVSINNISFAKYVSPPLTTFHIDIHELCKNAVQLLLEQVQDKRRTVKTLYVGAELIVRKSMN,ATTTTTTATTTAGGTAAAAAAATTTACTCTATGAAGTAAATAGTTTGTTTACACATTTTCTCAGGCA
Bacillus subtilis,CPLX8J2-215,MDENPEFAAIEQARDLVIDSIAETMDLYGITRSVGILYGTMYMRDEMTLDEMREELQMSKPSMSTGVKKLQDLNVVKKTFHRGIRKHTFVAEKDFFKFFTNFFPPKWEREVQVNVTAIEEAQADLQKVLCKEDLDEDIKNEALQLYDQLESSKAYYDWLKRLAESVQTGEIFKFIPVETK,ATTAAATTTAAACTGAA
Bacillus subtilis,CPLX8J2-215,MDENPEFAAIEQARDLVIDSIAETMDLYGITRSVGILYGTMYMRDEMTLDEMREELQMSKPSMSTGVKKLQDLNVVKKTFHRGIRKHTFVAEKDFFKFFTNFFPPKWEREVQVNVTAIEEAQADLQKVLCKEDLDEDIKNEALQLYDQLESSKAYYDWLKRLAESVQTGEIFKFIPVETK,ATTAAATTTTTATTTAA
Bacillus subtilis,BSU28410-MONOMER,MKEKEFQSKPLLTKREREVFELLVQDKTTKEIASELFISEKTVRNHISNAMQKLGVKGRSQAVVELLRMGELEL,ATTGTGGCTTTC
Bacillus subtilis,BSU36300-MONOMER,MYQEERLVAILDFLKQHNRITTEQICTLLQVSRDTARRDLVKLEEQNAIIRTRGGAILPTVHQKIQSYSGRLKTVSEEKNKIGRLAASLIHDGDRVILDASTTVQACAKHLNAVDCTVITNSINLADVLSDKEGIEIYLLGGKLEKEHRFLYGSSVIEKLSSYHVDKALIGVVGISEHGITIAHEEDGMVKRKMIQQAKQVIALADHSKLGSTSFYQYAELNEIDLLITDRLPNQAFCDLLDRNGVELLVTEQDEGKD,GTTCTCTCGACGCATTTTTACTTAAAATCACTTATTAATGTTGAATAAAATCAAATAAAAACTTATAATTACTTATAAATGAT
Bacillus subtilis,BSU04820-MONOMER,MSLGKRLKEARQKAGYTQKEAAEKLNIGNNNLSNYERDYRDPDTDTLLKLSNLYNVSTDYLLGKDEVSKKNETDLLNKTINEAIQELKDEDTLLFMNDGEFDEETARLVKKALKNGIKFIDELKKKE,AATTCACAAAGAGTTGAGTTA
Bacillus subtilis,BSU04820-MONOMER,MSLGKRLKEARQKAGYTQKEAAEKLNIGNNNLSNYERDYRDPDTDTLLKLSNLYNVSTDYLLGKDEVSKKNETDLLNKTINEAIQELKDEDTLLFMNDGEFDEETARLVKKALKNGIKFIDELKKKE,CTTACACGAAAAGGAGTTTTA
Bacillus subtilis,BSU04820-MONOMER,MSLGKRLKEARQKAGYTQKEAAEKLNIGNNNLSNYERDYRDPDTDTLLKLSNLYNVSTDYLLGKDEVSKKNETDLLNKTINEAIQELKDEDTLLFMNDGEFDEETARLVKKALKNGIKFIDELKKKE,AATACACTTTAAGGTGAATTT
Bacillus subtilis,BSU04820-MONOMER,MSLGKRLKEARQKAGYTQKEAAEKLNIGNNNLSNYERDYRDPDTDTLLKLSNLYNVSTDYLLGKDEVSKKNETDLLNKTINEAIQELKDEDTLLFMNDGEFDEETARLVKKALKNGIKFIDELKKKE,AAACACTCCTAAAAGGAGAAT
Bacillus subtilis,BSU33080-MONOMER,MIRVLLIDDHEMVRMGLAAFLEAQPDIEVIGEASDGSEGVRLAVELSPDVILMDLVMEGMDGIEATKQICRELSDPKIIVLTSFIDDDKVYPVIEAGALSYLLKTSKAAEIADAIRAASKGEPKLESKVAGKVLSRLRHSGENALPHESLTKRELEILCLIAEGKTNKEIGEELFITIKTVKTHITNILSKLDVSDRTQAAVYAHRNHLVN,TAAGTCCAGAGCAGCAG
Bacillus subtilis,BSU02680-MONOMER,MSYGDSREKILSAATRLFQLQGYYGTGLNQIIKESGAPKGSLYYHFPGGKEQLAIEAVNEMKEYIRQKIADCMEACTDPAEGIQAFLKELSCQFSCTEDIEGLPVGLLAAETSLKSEPLREACHEAYKEWASVYEEKLRQTGCSESRAKEASTVVNAMIEGGILLSLTAKNSTPLLHISSCIPDLLKR,CTACAATTATATAGAACGGTCTAGACAAATGAA
Bacillus subtilis,BSU02680-MONOMER,MSYGDSREKILSAATRLFQLQGYYGTGLNQIIKESGAPKGSLYYHFPGGKEQLAIEAVNEMKEYIRQKIADCMEACTDPAEGIQAFLKELSCQFSCTEDIEGLPVGLLAAETSLKSEPLREACHEAYKEWASVYEEKLRQTGCSESRAKEASTVVNAMIEGGILLSLTAKNSTPLLHISSCIPDLLKR,ATGATAATATATAGACTGGTCTAAATTGGAGG
Bacillus subtilis,BSU30260-MONOMER,MVRIKDIALKAKVSSATVSRILNEDESLSVAGETRQRVINIAEELGYQTVAKRRKSRGQKQRAQPLIGVLSCLSPDQERQDPYFSSIRKGIEKECFEQEIFITNSIHLGSFQEHIFRELDGVIVIGRVHDEAVKHISGRLEHAVFINHSPDPQAYDSIGIDFESASRQAIDHLFDLGYKRLGYIGGQEKEHTLKDGQSIRRTIEDKRLTAFLESAAPQPEHVLIGEYSMREGYRLMKKAIDQGHLPEAFFIASDSMAIGALKALQEAGLQVPRDTAIVSFNGIEEAEFASTPLTTVKVYTEEMGRTGVKLLLDRLNGRTLPQHVTLPTTLIVRQSCGCTAKEVT,AGATGAGTTAATATTTTACTAAATAGAT
Bacillus subtilis,BSU30260-MONOMER,MVRIKDIALKAKVSSATVSRILNEDESLSVAGETRQRVINIAEELGYQTVAKRRKSRGQKQRAQPLIGVLSCLSPDQERQDPYFSSIRKGIEKECFEQEIFITNSIHLGSFQEHIFRELDGVIVIGRVHDEAVKHISGRLEHAVFINHSPDPQAYDSIGIDFESASRQAIDHLFDLGYKRLGYIGGQEKEHTLKDGQSIRRTIEDKRLTAFLESAAPQPEHVLIGEYSMREGYRLMKKAIDQGHLPEAFFIASDSMAIGALKALQEAGLQVPRDTAIVSFNGIEEAEFASTPLTTVKVYTEEMGRTGVKLLLDRLNGRTLPQHVTLPTTLIVRQSCGCTAKEVT,CATCATTTACTAAATATTTAGTAAATATTA
Bacillus subtilis,CPLX8J2-292,MTTPSMEDYIEQIYMLIEEKGYARVSDIAEALAVHPSSVTKMVQKLDKDEYLIYEKYRGLVLTSKGKKIGKRLVYRHELLEQFLRIIGVDEEKIYNDVEGIEHHLSWNSIDRIGDLVQYFEEDDARKKDLKSIQKKTEHHNQ,CGTTGCTATAGACCCACT
Bacillus subtilis,CPLX8J2-292,MTTPSMEDYIEQIYMLIEEKGYARVSDIAEALAVHPSSVTKMVQKLDKDEYLIYEKYRGLVLTSKGKKIGKRLVYRHELLEQFLRIIGVDEEKIYNDVEGIEHHLSWNSIDRIGDLVQYFEEDDARKKDLKSIQKKTEHHNQ,GTTTCTGTAGACCCACTG
Bacillus subtilis,CPLX8J2-292,MTTPSMEDYIEQIYMLIEEKGYARVSDIAEALAVHPSSVTKMVQKLDKDEYLIYEKYRGLVLTSKGKKIGKRLVYRHELLEQFLRIIGVDEEKIYNDVEGIEHHLSWNSIDRIGDLVQYFEEDDARKKDLKSIQKKTEHHNQ,ATTAGTAAACAGGAAACA
Bacillus subtilis,CPLX8J2-292,MTTPSMEDYIEQIYMLIEEKGYARVSDIAEALAVHPSSVTKMVQKLDKDEYLIYEKYRGLVLTSKGKKIGKRLVYRHELLEQFLRIIGVDEEKIYNDVEGIEHHLSWNSIDRIGDLVQYFEEDDARKKDLKSIQKKTEHHNQ,TCTGTGGCGGGTGAATCA
Bacillus subtilis,CPLX8J2-292,MTTPSMEDYIEQIYMLIEEKGYARVSDIAEALAVHPSSVTKMVQKLDKDEYLIYEKYRGLVLTSKGKKIGKRLVYRHELLEQFLRIIGVDEEKIYNDVEGIEHHLSWNSIDRIGDLVQYFEEDDARKKDLKSIQKKTEHHNQ,TTTAGCATAGCTCCAACT
Bacillus subtilis,CPLX8J2-292,MTTPSMEDYIEQIYMLIEEKGYARVSDIAEALAVHPSSVTKMVQKLDKDEYLIYEKYRGLVLTSKGKKIGKRLVYRHELLEQFLRIIGVDEEKIYNDVEGIEHHLSWNSIDRIGDLVQYFEEDDARKKDLKSIQKKTEHHNQ,ATTGGATGAGAGAAAAAG
Bacillus subtilis,CPLX8J2-97,MNINKQSPIPIYYQIMEQLKTQIKNGELQPDMPLPSEREYAEQFGISRMTVRQALSNLVNEGLLYRLKGRGTFVSKPKMEQALQGLTSFTEDMKSRGMTPGSRLIDYQLIDSTEELAAILGCGHPSSIHKITRVRLANDIPMAIESSHIPFELAGELNESHFQSSIYDHIERYNSIPISRAKQELEPSAATTEEANILGIQKGAPVLLIKRTTYLQNGTAFEHAKSVYRGDRYTFVHYMDRLS,ATTGGTATAGATCACTA
Bacillus subtilis,CPLX8J2-97,MNINKQSPIPIYYQIMEQLKTQIKNGELQPDMPLPSEREYAEQFGISRMTVRQALSNLVNEGLLYRLKGRGTFVSKPKMEQALQGLTSFTEDMKSRGMTPGSRLIDYQLIDSTEELAAILGCGHPSSIHKITRVRLANDIPMAIESSHIPFELAGELNESHFQSSIYDHIERYNSIPISRAKQELEPSAATTEEANILGIQKGAPVLLIKRTTYLQNGTAFEHAKSVYRGDRYTFVHYMDRLS,GCTGGTCTAGATCACTA
Bacillus subtilis,BSU09380-MONOMER,MKLTNYTDYSLRVLIFLAAERPGELSNIKQIAETYSISKNHLMKVIYRLGQLGYVETIRGRGGGIRLGMDPEDINIGEVVRKTEDDFNIVECFDANKNLCVISPVCGLKHVLNEALLAYLAVLDKYTLRDLVKNKEDIMKLLKMKE,CATGTATCTTAAATATTC
Bacillus subtilis,BSU33840-MONOMER,MKKTALDIIEHAEEHLIEKIAENMHTFGMPSTVGRVLGIIYMNRKPMTLSELSEATGMSKTRMSQVVREMIDANIAEKVFEKGVRKDLYDVEQDYYQTFISLFAANWTKVVSKNKVLYKKLNRELSDLLQRDGLTPEAEEKVNQLLNELKEWLHYYDWLSRLIEFFESEEVFRYVPKTKECSSLK,ATTGTAAACTTTTTATTTTATAA
Bacillus subtilis,BSU33840-MONOMER,MKKTALDIIEHAEEHLIEKIAENMHTFGMPSTVGRVLGIIYMNRKPMTLSELSEATGMSKTRMSQVVREMIDANIAEKVFEKGVRKDLYDVEQDYYQTFISLFAANWTKVVSKNKVLYKKLNRELSDLLQRDGLTPEAEEKVNQLLNELKEWLHYYDWLSRLIEFFESEEVFRYVPKTKECSSLK,ATTGTAAACTTTTTATTTTACAA
Bacillus subtilis,CPLX8J2-110,MRVLKYAILGLLRKGELSGYDITSYFKEELGQFWSAKHSQIYPELKKLTDEGFITFRTTIQGTKLEKKMYTLTDSGKQELHDWLIRHQPIPETVKDEFMLKAYFISCLSRQEASDLFKDQLQKRQAKLSDLQGSYEKLMASAEPMSFSSPDFGHYLVLTKALEREKNYVSWLESILAMIDKD,CAATGGTGTTAAAGTGAACATGTAAATAGTTACATGATTTTTT
Bacillus subtilis,BSU04770-MONOMER,MEWHSKFSGPNTSPGFLLWQATQSWQRKVGKALAEFDLTHVQFVLLTSCKYMIAHGETVTQKKLASFSQTNIMMVSEVVRTLEKKGFIERSKNPQDKREVLLSLTEIGGEKVTAALPIVEKIDQAFFAAAMKKENFLSGLQELLKHE,TAATAAGTGCGCTTATTAT
Bacillus subtilis,BSU04770-MONOMER,MEWHSKFSGPNTSPGFLLWQATQSWQRKVGKALAEFDLTHVQFVLLTSCKYMIAHGETVTQKKLASFSQTNIMMVSEVVRTLEKKGFIERSKNPQDKREVLLSLTEIGGEKVTAALPIVEKIDQAFFAAAMKKENFLSGLQELLKHE,TAATAAGTGAACTTATCAT
Bacillus subtilis,CPLX8J2-171,MSDLTKQMIYDIYVRLLHLNEQKANTSLQQFFKEAAEEDVAEIPKNMTSIHVIDCIGQHEPINNAGIARKMNLSKANVTKISTKLIKEEFINSYQLTDNKKEVYFKLTRKGRRIFDLHEKLHKKKELAFYQFLDSFSQEEQKAVLKFLEQLTSTLEAEQTDGTPDKPVK,GAAAAGATAAAATAAAATTGTTCACCAGTAAACGATTTGTTTTATTGTTTCA
Bacillus subtilis,CPLX8J2-171,MSDLTKQMIYDIYVRLLHLNEQKANTSLQQFFKEAAEEDVAEIPKNMTSIHVIDCIGQHEPINNAGIARKMNLSKANVTKISTKLIKEEFINSYQLTDNKKEVYFKLTRKGRRIFDLHEKLHKKKELAFYQFLDSFSQEEQKAVLKFLEQLTSTLEAEQTDGTPDKPVK,GATAAAATGACTAATGTTTACTAGTAAACATTTATCATGATAT
Bacillus subtilis,CPLX8J2-291,MAAHELKEALETLKETGVRITPQRHAILEYLVNSMAHPTADDIYKALEGKFPNMSVATVYNNLRVFRESGLVKELTYGDASSRFDFVTSDHYHAICENCGKIVDFHYPGLDEVEQLAAHVTGFKVSHHRLEIYGVCQECSKKENH,GTAAAGATTCCTTTTTTAGAGTAATTTCAATTTAAGAA
Bacillus subtilis,BSU29110-MONOMER,MNKKILVVDDEESIVTLLQYNLERSGYDVITASDGEEALKKAETEKPDLIVLDVMLPKLDGIEVCKQLRQQKLMFPILMLTAKDEEFDKVLGLELGADDYMTKPFSPREVNARVKAILRRSEIAAPSSEMKNDEMEGQIVIGDLKILPDHYEAYFKESQLELTPKEFELLLYLGRHKGRVLTRDLLLSAVWNYDFAGDTRIVDVHISHLRDKIENNTKKPIYIKTIRGLGYKLEEPKMNE,ATTAACA
Bacillus subtilis,BSU29110-MONOMER,MNKKILVVDDEESIVTLLQYNLERSGYDVITASDGEEALKKAETEKPDLIVLDVMLPKLDGIEVCKQLRQQKLMFPILMLTAKDEEFDKVLGLELGADDYMTKPFSPREVNARVKAILRRSEIAAPSSEMKNDEMEGQIVIGDLKILPDHYEAYFKESQLELTPKEFELLLYLGRHKGRVLTRDLLLSAVWNYDFAGDTRIVDVHISHLRDKIENNTKKPIYIKTIRGLGYKLEEPKMNE,ATTTACA
Bacillus subtilis,BSU29110-MONOMER,MNKKILVVDDEESIVTLLQYNLERSGYDVITASDGEEALKKAETEKPDLIVLDVMLPKLDGIEVCKQLRQQKLMFPILMLTAKDEEFDKVLGLELGADDYMTKPFSPREVNARVKAILRRSEIAAPSSEMKNDEMEGQIVIGDLKILPDHYEAYFKESQLELTPKEFELLLYLGRHKGRVLTRDLLLSAVWNYDFAGDTRIVDVHISHLRDKIENNTKKPIYIKTIRGLGYKLEEPKMNE,CTTAACA
Bacillus subtilis,BSU29110-MONOMER,MNKKILVVDDEESIVTLLQYNLERSGYDVITASDGEEALKKAETEKPDLIVLDVMLPKLDGIEVCKQLRQQKLMFPILMLTAKDEEFDKVLGLELGADDYMTKPFSPREVNARVKAILRRSEIAAPSSEMKNDEMEGQIVIGDLKILPDHYEAYFKESQLELTPKEFELLLYLGRHKGRVLTRDLLLSAVWNYDFAGDTRIVDVHISHLRDKIENNTKKPIYIKTIRGLGYKLEEPKMNE,ATTCACA
Bacillus subtilis,MONOMER8J2-51,MEYINTRQKEILYLLLSEPDDYLVVQDFADRVQCSEKTIRNDLKVIEDYLNEHSHAQLIRKPGLGVYLHIEEQERTWLSQQLHTEHFSSRQRSDKERMLHIAYDLLMNPKPVSAKDIAARHFVNRSSIKKDLYAVEEWLKRFDLTLVSRQRLGLKVEGNERNKRKALARISDLIHNTAFTSQFIKSKFLHYEVDFVTKEIKSLQKKHSLYFTDETFESLLLHTLLMVRRIKMKQPISLSPKEMAAVKKKKEYQWTFACLQRLEPVFAIRFPEEEAVYLTLHILGGKVRYPLQTEENLENAVLPKVVGHLINRVSELKMMDFHKDQDLINGLNIHLNTVLQRLSYDLSVANPMLNDIKKMYPYLFHLIIDVLEDINQTFDLHIPEEEAAYLTLHFQAAIERMQGSSETHKKAVIVCHMGIGMSQLLRTKIERKYHQIAVMACIAKADLKDYIKKHEDIDLVISTIALENITVPHIVVSPLLEPGEEKKLSAFIRQLGESHRQKQKTFQMLNNTTPFLVFLQQEAEHRYKLIEQLATALFEKGYVDKDYAVHAVMREKMSATNIGSGIAIPHANAKFIKQSAIAIATLKEPLEWGNEKVSLVFMLAVKHEDQTMTKQLFSELSYLSEQPAFVQKLTKETNVMTFLSHLDY,AAAAATGCCTTTATTACCGGAACCTATGGTAAAAAAAGCGATTTT
Bacillus subtilis,MONOMER8J2-51,MEYINTRQKEILYLLLSEPDDYLVVQDFADRVQCSEKTIRNDLKVIEDYLNEHSHAQLIRKPGLGVYLHIEEQERTWLSQQLHTEHFSSRQRSDKERMLHIAYDLLMNPKPVSAKDIAARHFVNRSSIKKDLYAVEEWLKRFDLTLVSRQRLGLKVEGNERNKRKALARISDLIHNTAFTSQFIKSKFLHYEVDFVTKEIKSLQKKHSLYFTDETFESLLLHTLLMVRRIKMKQPISLSPKEMAAVKKKKEYQWTFACLQRLEPVFAIRFPEEEAVYLTLHILGGKVRYPLQTEENLENAVLPKVVGHLINRVSELKMMDFHKDQDLINGLNIHLNTVLQRLSYDLSVANPMLNDIKKMYPYLFHLIIDVLEDINQTFDLHIPEEEAAYLTLHFQAAIERMQGSSETHKKAVIVCHMGIGMSQLLRTKIERKYHQIAVMACIAKADLKDYIKKHEDIDLVISTIALENITVPHIVVSPLLEPGEEKKLSAFIRQLGESHRQKQKTFQMLNNTTPFLVFLQQEAEHRYKLIEQLATALFEKGYVDKDYAVHAVMREKMSATNIGSGIAIPHANAKFIKQSAIAIATLKEPLEWGNEKVSLVFMLAVKHEDQTMTKQLFSELSYLSEQPAFVQKLTKETNVMTFLSHLDY,AAAATCGCTTTTTTCCGGAAGCTTCGGTAAAAAACGAAACTTTTG
Bacillus subtilis,BSU34720-MONOMER,MYRILLVEDDERIASLLGGHLQKYGYEVKIAEQLNDIKLEFAEMKPDLVLLDINLPFFDGFYWCRQIRTISNAPIIFISARTDELNQVMAIENGGDDYITKPFHLEVVMAKIKSVLRRTYGEYSPSLPQESRIVELGGLTIYPDQNEAEWNSVRILFSQKEFQLLSIFVREHKKIVSRDELLEALWDDVDFVDDNTLTVNVNRLRRKLENAGLTDCISTIRGQGYQFQVNRKDEAEC,AATGTGACAGCATTGTAAGAT
Bacillus subtilis,CPLX8J2-115,MEELLERVFSFSDVDKLIDFISYELQKPVILESADFFLLAYNSYYINHFDSANQQTIFSKKCPVQIFERFLKDGIIEKLKTEPEPFRVNKIESIGLNQRVVVSAKHKGEVMGYIWIQELDQNLTDEELDFLYETSFHVGKIIYKTNKLKQEKEEKAEDLIKRAIYQQFTSEKELRREAERINTVLPSMFSVVILHAANGDGEAVEDLKENIRSYLNLRDKVSHVLTIESNIVIVVASFSQKSSVSSAASEFINKLLTHFHFQKIPTPIYIGIGNEYNHLLKLGKSYTEALEVIKAAEITGNQENIPYEYAKLGIYRYLESIEQKNEFLEYENKDLALLKAKDEESSTELLKTLEIYLLNNCKTKPAAEQLFIHQNTLNYRIKQITEMTSIDLSDFRTRCQLYLDLMLMKKK,ACTATCTGATTGTGGCAAACCCACAAAAATAATCAGAATCTTTGTATTTTG
Bacillus subtilis,BSU39990-MONOMER,MTSRGDSREKILHTASRLFQLQGYHATGLNQIVKESGAPKGSLYHFFPNGKEELAIEAVTYTGKIVEHLIQQSMDESSDPVEAIQLFIKKTASQFDNTESIKGIPVGLLASETALISEPLRTVCMKVFKSWEAVFARKLMENGFAEEEANQLGTLINSMIEGGIMLSLTNKDKTPLLLIAEQIPVLVRKKG,AATTATATAGAACGGTCTA
Bacillus subtilis,BSU39990-MONOMER,MTSRGDSREKILHTASRLFQLQGYHATGLNQIVKESGAPKGSLYHFFPNGKEELAIEAVTYTGKIVEHLIQQSMDESSDPVEAIQLFIKKTASQFDNTESIKGIPVGLLASETALISEPLRTVCMKVFKSWEAVFARKLMENGFAEEEANQLGTLINSMIEGGIMLSLTNKDKTPLLLIAEQIPVLVRKKG,TAATATATAGACTGGTCTA
Bacillus subtilis,BSU39990-MONOMER,MTSRGDSREKILHTASRLFQLQGYHATGLNQIVKESGAPKGSLYHFFPNGKEELAIEAVTYTGKIVEHLIQQSMDESSDPVEAIQLFIKKTASQFDNTESIKGIPVGLLASETALISEPLRTVCMKVFKSWEAVFARKLMENGFAEEEANQLGTLINSMIEGGIMLSLTNKDKTPLLLIAEQIPVLVRKKG,TATTATATAAGTCGCTCTA
Bacillus subtilis,BSU15670-MONOMER,MTIKLINIGFGNIISANRMISIVSPESAPIKRMIQDARDRGMLIDATYGRRTRAVVVMDSDHIILSAVQPETVAHRLSVKEEIMDEGQG,ATCATATAGGAGGATTACAGAGCATTTAGAAGCATAAATAAGATCATG
Bacillus subtilis,BSU15670-MONOMER,MTIKLINIGFGNIISANRMISIVSPESAPIKRMIQDARDRGMLIDATYGRRTRAVVVMDSDHIILSAVQPETVAHRLSVKEEIMDEGQG,AAGGGAAGTGCAGTAAATTAGAGGAAAATCATGATTTTGTTCTCTAAAGAGAACTTAT
Bacillus subtilis,BSU15670-MONOMER,MTIKLINIGFGNIISANRMISIVSPESAPIKRMIQDARDRGMLIDATYGRRTRAVVVMDSDHIILSAVQPETVAHRLSVKEEIMDEGQG,TGAGCAATACTGAGCAAGACTTTGTAATATGATGAAAACATTCTTTTAAACGAACAAAAT
Bacillus subtilis,MONOMER8J2-15,MDQTNETKILVVDDEARIRRLLRMYLERENYAIDEAENGDEAIAKGLEANYDLILLDLMMPGTDGIEVCRQIREKKATPIIMLTAKGEEANRVQGFEAGTDDYIVKPFSPREVVLRVKALLRRASQTSYFNANTPTKNVLVFSHLSIDHDAHRVTADGTEVSLTPKEYELLYFLAKTPDKVYDREKLLKEVWQYEFFGDLRTVDTHVKRLREKLNKVSPEAAKKIVTVWGVGYKFEVGAE,TGAAAAAAATATGAACAATCTA
Bacillus subtilis,CPLX8J2-95,MNKDQSKIPQATAKRLPLYYRFLKNLHASGKQRVSSAELSDAVKVDSATIRRDFSYFGALGKKGYGYNVDYLLSFFRKTLDQDEMTDVILIGVGNLGTAFLHYNFTKNNNTKISMAFDINESKIGTEVGGVPVYNLDDLEQHVKDESVAILTVPAVAAQSITDRLVALGIKGILNFTPARLNVPEHIRIHHIDLAVELQSLVYFLKHYSVLEEIE,ATTGTGCATGAATTCACAATCCT
Bacillus subtilis,BSU05970-MONOMER,MNKDQSKIPQATAKRLPLYYRFLKNLHASGKQRVSSAELSDAVKVDSATIRRDFSYFGALGKKGYGYNVDYLLSFFRKTLDQDEMTDVILIGVGNLGTAFLHYNFTKNNNTKISMAFDINESKIGTEVGGVPVYNLDDLEQHVKDESVAILTVPAVAAQSITDRLVALGIKGILNFTPARLNVPEHIRIHHIDLAVELQSLVYFLKHYSVLEEIE,ATGTGAAATTGATCACAAA
Bacillus subtilis,BSU31210-MONOMER,MLVAERQQKIVEIVNMRSSIRVSELSDIFSVTEETIRRDLEKLEKEHKLSRSHGGAVSIQQKESEIHFSEREITNVIEKKAIAHEAAKYVKSGDRIILDASTTAWYMAKILPDIELTVITNSMKAAIELSNKENISVISTGGILLEKSLSFAGPLAERSLETYHVNKTFLSCKGFDVHNGMSDSNEWQALLKKRMIERSDQTILMADSSKWGNREFSHIASLQDVSRLITDSGLDPASVKALEDKKVKVTAVPLSKRG,ATTCAAAAACAAACAGAAATCATATATAATGAAAACGGATACAAATAAAAGGGTAT
Bacillus subtilis,BSU24610-MONOMER,MIGQRIKQYRKEKGYSLSELAEKAGVAKSYLSSIERNLQTNPSIQFLEKVSAVLDVSVHTLLDEKHETEYDGQLDSEWEKLVRDAMTSGVSKKQFREFLDYQKWRKSQKEE,TATAGAAC
Bacillus subtilis,BSU24220-MONOMER,MEKIKVCVADDNRELVSLLSEYIEGQEDMEVIGVAYNGQECLSLFKEKDPDVLVLDIIMPHLDGLAVLERLRESDLKKQPNVIMLTAFGQEDVTKKAVDLGASYFILKPFDMENLVGHIRQVSGNASSVTHRAPSSQSSIIRSSQPEPKKKNLDASITSIIHEIGVPAHIKGYLYLREAISMVYNDIELLGSITKVLYPDIAKKFNTTASRVERAIRHAIEVAWSRGNIDSISSLFGYTVSMTKAKPTNSEFIAMVADKLRLEHKAS,GTTGTCGAA
Bacillus subtilis,BSU27910-MONOMER,MKEETFYLVREDVLPDAMRKTLEVKKLLDRKKADSVADAVQKVDLSRSAFYKYRDAVFPFYTMVKEQIITLFFHLEDRSGALSQLLQAVADSGSNVLSIHQTIPLQGRANVTLSISTSAMEEDIHTLMNKLRKFDFVEKVEILGSGA,ATGTCTGTGTTGAGTTAACAATTGTCTTTTCCAAGAGGACAA
Bacillus subtilis,BSU13310-MONOMER,MTTEDHSYKDKKVISIGIVSELTGLSVRQIRYYEERKLIYPQRSSRGTRKYSFADVERLMDIANKREDGVQTAEILKDMRKKEQMLKNDPQVRKKMLEGQLNAHFRYKNR,TTGGAAGGAACGATGACA
Bacillus subtilis,BSU40410-MONOMER,MDKKILVVDDEKPIADILEFNLRKEGYEVHCAHDGNEAVEMVEELQPDLILLDIMLPNKDGVEVCREVRKKYDMPIIMLTAKDSEIDKVIGLEIGADDYVTKPFSTRELLARVKANLRRQLTTAPAEEEPSSNEIHIGSLVIFPDAYVVSKRDETIELTHREFELLHYLAKHIGQVMTREHLLQTVWGYDYFGDVRTVDVTVRRLREKIEDNPSHPNWIVTRRGVGYYLRNPEQD,ATGATATTTCAGTCTAGT
Bacillus subtilis,MONOMER8J2-17,MDKKILVVDDEKPIADILEFNLRKEGYEVHCAHDGNEAVEMVEELQPDLILLDIMLPNKDGVEVCREVRKKYDMPIIMLTAKDSEIDKVIGLEIGADDYVTKPFSTRELLARVKANLRRQLTTAPAEEEPSSNEIHIGSLVIFPDAYVVSKRDETIELTHREFELLHYLAKHIGQVMTREHLLQTVWGYDYFGDVRTVDVTVRRLREKIEDNPSHPNWIVTRRGVGYYLRNPEQD,TTTTACAAAAACATTTCT
Bacillus subtilis,MONOMER8J2-17,MDKKILVVDDEKPIADILEFNLRKEGYEVHCAHDGNEAVEMVEELQPDLILLDIMLPNKDGVEVCREVRKKYDMPIIMLTAKDSEIDKVIGLEIGADDYVTKPFSTRELLARVKANLRRQLTTAPAEEEPSSNEIHIGSLVIFPDAYVVSKRDETIELTHREFELLHYLAKHIGQVMTREHLLQTVWGYDYFGDVRTVDVTVRRLREKIEDNPSHPNWIVTRRGVGYYLRNPEQD,ATAACATCTTTGTTACAA
Bacillus subtilis,MONOMER8J2-17,MDKKILVVDDEKPIADILEFNLRKEGYEVHCAHDGNEAVEMVEELQPDLILLDIMLPNKDGVEVCREVRKKYDMPIIMLTAKDSEIDKVIGLEIGADDYVTKPFSTRELLARVKANLRRQLTTAPAEEEPSSNEIHIGSLVIFPDAYVVSKRDETIELTHREFELLHYLAKHIGQVMTREHLLQTVWGYDYFGDVRTVDVTVRRLREKIEDNPSHPNWIVTRRGVGYYLRNPEQD,TGTCATAATTGAGACA
Bacillus subtilis,MONOMER8J2-17,MDKKILVVDDEKPIADILEFNLRKEGYEVHCAHDGNEAVEMVEELQPDLILLDIMLPNKDGVEVCREVRKKYDMPIIMLTAKDSEIDKVIGLEIGADDYVTKPFSTRELLARVKANLRRQLTTAPAEEEPSSNEIHIGSLVIFPDAYVVSKRDETIELTHREFELLHYLAKHIGQVMTREHLLQTVWGYDYFGDVRTVDVTVRRLREKIEDNPSHPNWIVTRRGVGYYLRNPEQD,TGCAATGAAAATGAAATA
Bacillus subtilis,BSU03750-MONOMER,MKILMIEDNVSVCTMTEMFFFKEGFEAEFVHDGLEGYQRFTEENWDLIILDIMLPSMDGVTICRKIRETSTVPIIMLTAKDTESDQVIGFEMGADDYVTKPFSPLTLVARIKAVIRRYKATGKAVIDEDMIETECFTINKKTREVLLNGEPVENLTPKEFDLLYYLVQNPRQVFSREQLLEQVWGYQFYGDERTVDVHIKRLRKKLASEDKPFLYTVWGVGYKFDED,GAAGGTTTTGCGTTTCACAATTGTTAGTTTTTATTTCATCAACTAGAAATAGATTGTTCATATTTTTTTCATACCTTT
Bacillus subtilis,BSU03750-MONOMER,MKILMIEDNVSVCTMTEMFFFKEGFEAEFVHDGLEGYQRFTEENWDLIILDIMLPSMDGVTICRKIRETSTVPIIMLTAKDTESDQVIGFEMGADDYVTKPFSPLTLVARIKAVIRRYKATGKAVIDEDMIETECFTINKKTREVLLNGEPVENLTPKEFDLLYYLVQNPRQVFSREQLLEQVWGYQFYGDERTVDVHIKRLRKKLASEDKPFLYTVWGVGYKFDED,GTCTTTGTTTATTAATAGTTTATTCATATTTGCTT
Bacillus subtilis,BSU03750-MONOMER,MKILMIEDNVSVCTMTEMFFFKEGFEAEFVHDGLEGYQRFTEENWDLIILDIMLPSMDGVTICRKIRETSTVPIIMLTAKDTESDQVIGFEMGADDYVTKPFSPLTLVARIKAVIRRYKATGKAVIDEDMIETECFTINKKTREVLLNGEPVENLTPKEFDLLYYLVQNPRQVFSREQLLEQVWGYQFYGDERTVDVHIKRLRKKLASEDKPFLYTVWGVGYKFDED,CCCGCTTTTTCATGTTTTGTTCATATTTTATTAATTGTTTATTCAACACTG
Bacillus subtilis,BSU03750-MONOMER,MKILMIEDNVSVCTMTEMFFFKEGFEAEFVHDGLEGYQRFTEENWDLIILDIMLPSMDGVTICRKIRETSTVPIIMLTAKDTESDQVIGFEMGADDYVTKPFSPLTLVARIKAVIRRYKATGKAVIDEDMIETECFTINKKTREVLLNGEPVENLTPKEFDLLYYLVQNPRQVFSREQLLEQVWGYQFYGDERTVDVHIKRLRKKLASEDKPFLYTVWGVGYKFDED,TTTATGGTTTATTCATAAGTTTTTCATATTTGT
Bacillus subtilis,CPLX8J2-172,MGNTMCPKMESAFSLLGKRWNGLIIHVLMDGPKRFKEITETIPMISQKMLAERLKELEQNEIVERQVLPETPVKVIYTLTEKGTALQAVFQEMQAWADQFCEPGDTVCEEEK,TCACACTTACTTTTTTATAGTATAATACCTG
Bacillus subtilis,CPLX8J2-172,MGNTMCPKMESAFSLLGKRWNGLIIHVLMDGPKRFKEITETIPMISQKMLAERLKELEQNEIVERQVLPETPVKVIYTLTEKGTALQAVFQEMQAWADQFCEPGDTVCEEEK,ATACTATTTGTAAGTA
Bacillus subtilis,BSU30460-MONOMER,MIQIDPRSSTPIYEQIIQQMKELCLKGIMKPGDKLPSVRELATIIIANPNTVSKAYKELEREGIIETLRGRGTYISENAKTTLVEGKMTMIKEQLKQLIIDAHYAGVELEKLHEWIKEISADVKGGKKND,ACTCTATACTGTATTAAGTGTACTACATCAAATAATACA
Bacillus subtilis,BSU30460-MONOMER,MIQIDPRSSTPIYEQIIQQMKELCLKGIMKPGDKLPSVRELATIIIANPNTVSKAYKELEREGIIETLRGRGTYISENAKTTLVEGKMTMIKEQLKQLIIDAHYAGVELEKLHEWIKEISADVKGGKKND,ATTGTATTAAGTGTACTAATTGAAGTAATACACTATAGACACTAA
Bacillus subtilis,BSU38450-MONOMER,MERSHQHQQLRKEEHDTLSKLKQMPVESLNLEAISIATNLYRSAQRLRVKMETEVLSTYNLSWTAFSILYDLWVWGALETRKIAELSGISTATASNVIKTLEKKSFCRKSIDTRDRRLVFVSITDSGKQAIEELYPEFHKGETELIAGMTKDEQKILTGLLRKVADNLHTT,TCATAGCTAATGAT
Bacillus subtilis,CPLX8J2-114,MNVQEALNLLKENGYKYTNKREDMLQLFADSDRYLTAKNVLSALNDDYPGLSFDTIYRNLSLYEELGILETTELSGEKLFRFKCSFTHHHHHFICLACGKTKEIESCPMDKLCDDLDGYQVSGHKFEIYGTCPDCTAENQENTTA,TAAAACGTAATTATTACGATTT
Bacillus subtilis,CPLX8J2-114,MNVQEALNLLKENGYKYTNKREDMLQLFADSDRYLTAKNVLSALNDDYPGLSFDTIYRNLSLYEELGILETTELSGEKLFRFKCSFTHHHHHFICLACGKTKEIESCPMDKLCDDLDGYQVSGHKFEIYGTCPDCTAENQENTTA,AATTTAAATCGTAACAATTACGTTTTATG
Bacillus subtilis,CPLX8J2-114,MNVQEALNLLKENGYKYTNKREDMLQLFADSDRYLTAKNVLSALNDDYPGLSFDTIYRNLSLYEELGILETTELSGEKLFRFKCSFTHHHHHFICLACGKTKEIESCPMDKLCDDLDGYQVSGHKFEIYGTCPDCTAENQENTTA,AAATCGTAACAATTTCGATTTA
